25,2,2,1,2,NaN,NaN,0,0,0,40,55,45,100,100,100,0,1,2,1,2,-1,2
37,1,5,1,2,NaN,NaN,0,0,0,48,46,49,100,71,38,2,0,5,0,1,0,3
35,1,3,1,2,NaN,NaN,0,0,0,70,59,64,79,73,26,9,0,3,0,3,0,1
59,1,1,1,2,NaN,NaN,1,1,1,0,24,26,99,79,50,13,0,1,0,1,0,3
26,1,2,1,2,NaN,NaN,1,1,0,87,71,47,100,100,100,0,1,2,1,2,-1,2
23,1,1,1,2,NaN,NaN,0,0,0,65,64,63,86,84,75,73,0,1,0,1,0,3
30,1,5,1,2,NaN,NaN,0,0,0,60,0,50,75,100,100,100,0,5,0,1,0,3
30,1,4,1,2,NaN,NaN,1,0,0,48,37,46,47,53,25,25,1,4,-1,2,1,2
44,1,2,1,2,NaN,NaN,1,0,0,52,100,57,100,100,100,9,1,2,1,2,-1,2
39,1,1,1,2,NaN,NaN,0,0,1,50,97,50,23,100,28,53,0,1,0,1,0,3
59,1,3,1,2,NaN,NaN,1,1,0,50,50,40,100,100,24,7,0,3,0,3,0,1
41,1,4,1,2,NaN,NaN,0,0,0,58,100,81,84,38,20,1,1,4,-1,2,1,2
41,1,4,1,2,NaN,NaN,1,1,1,41,30,15,72,46,35,23,1,4,-1,2,1,2
37,1,1,1,2,NaN,NaN,1,1,0,22,18,53,100,100,100,100,0,1,0,1,0,3
57,1,3,1,2,NaN,NaN,0,0,0,50,100,50,98,100,0,0,0,3,0,3,0,1
30,1,2,1,2,NaN,NaN,0,0,0,66,99,89,100,100,80,0,1,2,1,2,-1,2
33,1,2,1,2,NaN,NaN,0,0,0,90,99,50,100,100,100,7,1,2,1,2,-1,2
37,1,4,1,2,NaN,NaN,1,0,0,0,97,50,100,21,0,3,1,4,-1,2,1,2
28,1,5,1,2,NaN,NaN,0,0,1,64,90,25,39,25,16,3,0,5,0,1,0,3
28,2,3,1,2,NaN,NaN,0,0,0,100,100,100,100,100,3,0,0,3,0,3,0,1
29,1,1,1,2,NaN,NaN,0,0,0,54,52,53,100,100,31,5,0,1,0,1,0,3
35,1,2,1,2,NaN,NaN,0,0,0,98,97,96,100,100,100,1,1,2,1,2,-1,2
58,1,5,1,2,NaN,NaN,1,0,1,52,100,69,17,11,5,2,0,5,0,1,0,3
40,1,4,1,2,NaN,NaN,1,1,1,50,50,50,80,0,0,0,1,4,-1,2,1,2
33,2,5,1,2,NaN,NaN,0,0,0,89,81,86,36,25,13,2,0,5,0,1,0,3
29,1,2,1,2,NaN,NaN,0,0,0,80,86,88,100,100,100,0,1,2,1,2,-1,2
56,1,1,1,2,NaN,NaN,0,0,0,75,74,76,98,91,86,78,0,1,0,1,0,3
58,1,3,1,2,NaN,NaN,0,0,0,95,100,93,100,100,0,0,0,3,0,3,0,1
21,1,4,1,2,NaN,NaN,1,0,1,13,99,13,100,53,15,4,1,4,-1,2,1,2
40,1,4,1,2,NaN,NaN,1,0,1,28,96,15,100,0,0,0,1,4,-1,2,1,2
30,1,5,1,2,NaN,NaN,0,1,1,85,19,72,38,28,8,0,0,5,0,1,0,3
49,1,4,1,2,NaN,NaN,0,0,0,80,34,45,89,58,31,4,1,4,-1,2,1,2
35,1,3,1,2,NaN,NaN,0,1,0,40,64,29,100,80,30,0,0,3,0,3,0,1
27,1,5,1,2,NaN,NaN,1,0,1,20,50,40,50,30,0,0,0,5,0,1,0,3
20,1,2,1,2,NaN,NaN,0,0,0,93,100,100,88,88,74,6,1,2,1,2,-1,2
31,2,1,1,2,NaN,NaN,0,1,0,73,1,100,100,98,100,99,0,1,0,1,0,3
22,1,5,1,2,NaN,NaN,0,0,0,50,50,50,50,0,0,0,0,5,0,1,0,3
46,1,2,1,2,NaN,NaN,1,0,0,53,92,80,98,98,98,31,1,2,1,2,-1,2
35,1,3,1,2,NaN,NaN,0,0,0,63,45,45,99,100,35,0,0,3,0,3,0,1
40,1,4,1,2,NaN,NaN,1,0,1,10,90,10,98,23,11,1,1,4,-1,2,1,2
44,1,1,1,2,NaN,NaN,1,1,1,0,51,48,99,97,95,95,0,1,0,1,0,3
49,2,5,1,2,NaN,NaN,0,0,0,80,52,23,94,71,50,3,0,5,0,1,0,3
41,1,1,1,2,NaN,NaN,1,0,0,15,98,42,100,100,100,38,0,1,0,1,0,3
44,1,2,1,2,NaN,NaN,1,0,0,0,100,99,100,100,50,0,1,2,1,2,-1,2
39,1,4,1,2,NaN,NaN,0,0,0,18,99,60,99,15,0,0,1,4,-1,2,1,2
44,1,5,1,2,NaN,NaN,0,0,0,50,50,50,0,0,0,0,0,5,0,1,0,3
66,1,5,1,2,NaN,NaN,1,0,0,50,50,50,51,39,26,1,0,5,0,1,0,3
78,1,1,1,2,NaN,NaN,0,1,0,47,46,33,85,72,63,50,0,1,0,1,0,3
49,1,3,1,2,NaN,NaN,0,0,1,54,99,81,99,98,33,0,0,3,0,3,0,1
28,1,4,1,2,NaN,NaN,0,0,0,58,97,24,92,47,16,1,1,4,-1,2,1,2
54,1,2,1,2,NaN,NaN,1,1,1,30,39,50,100,100,99,0,1,2,1,2,-1,2
38,1,3,1,2,NaN,NaN,0,0,0,50,82,50,100,100,5,0,0,3,0,3,0,1
34,2,4,1,2,NaN,NaN,1,0,1,18,94,3,78,22,9,3,1,4,-1,2,1,2
36,2,1,1,2,NaN,NaN,1,0,0,47,94,25,100,96,95,91,0,1,0,1,0,3
27,2,1,1,2,NaN,NaN,1,0,0,25,85,70,100,100,95,70,0,1,0,1,0,3
58,2,2,1,2,NaN,NaN,1,0,0,2,99,5,100,100,98,0,1,2,1,2,-1,2
27,1,1,1,2,NaN,NaN,0,0,0,94,92,52,100,100,100,100,0,1,0,1,0,3
32,1,4,1,2,NaN,NaN,0,0,0,2,100,29,100,30,7,0,1,4,-1,2,1,2
27,1,4,1,2,NaN,NaN,0,0,1,46,27,33,100,38,23,0,1,4,-1,2,1,2
28,1,5,1,2,NaN,NaN,1,1,1,12,17,59,59,36,23,2,0,5,0,1,0,3
50,1,4,1,2,NaN,NaN,0,0,0,27,92,15,85,27,13,0,1,4,-1,2,1,2
48,1,3,1,2,NaN,NaN,0,0,0,57,99,59,97,75,39,5,0,3,0,3,0,1
27,2,2,1,2,NaN,NaN,1,1,0,35,20,95,100,90,75,10,1,2,1,2,-1,2
39,1,3,1,2,NaN,NaN,0,0,0,75,98,75,100,87,19,0,0,3,0,3,0,1
50,2,2,1,2,NaN,NaN,1,0,0,49,24,51,100,74,59,11,1,2,1,2,-1,2
22,2,5,1,2,NaN,NaN,1,1,0,30,43,85,59,16,0,0,0,5,0,1,0,3
29,2,1,1,2,NaN,NaN,1,0,0,20,100,20,100,100,100,90,0,1,0,1,0,3
24,1,1,1,2,NaN,NaN,0,1,0,45,51,53,94,92,56,36,0,1,0,1,0,3
43,1,1,1,2,NaN,NaN,0,0,0,90,90,91,100,100,95,70,0,1,0,1,0,3
64,2,4,1,2,NaN,NaN,1,0,1,10,100,10,100,36,18,3,1,4,-1,2,1,2
22,2,2,1,2,NaN,NaN,0,0,0,24,0,26,100,100,74,0,1,2,1,2,-1,2
46,2,3,1,2,NaN,NaN,1,0,0,38,97,88,100,100,0,0,0,3,0,3,0,1
30,2,2,1,2,NaN,NaN,0,0,0,30,0,30,59,100,50,5,1,2,1,2,-1,2
32,1,3,1,2,NaN,NaN,0,0,0,89,98,92,100,79,30,2,0,3,0,3,0,1
57,1,5,1,2,NaN,NaN,1,0,0,70,25,55,30,20,10,5,0,5,0,1,0,3
59,1,1,1,2,NaN,NaN,0,0,0,88,94,74,100,93,64,40,0,1,0,1,0,3
46,1,4,1,2,NaN,NaN,1,0,1,11,100,4,100,13,0,0,1,4,-1,2,1,2
37,1,2,1,2,NaN,NaN,1,0,0,51,62,60,98,75,59,26,1,2,1,2,-1,2
23,2,3,1,2,NaN,NaN,1,0,1,99,100,94,93,72,56,31,0,3,0,3,0,1
31,2,1,1,2,NaN,NaN,0,0,0,94,89,59,100,100,100,90,0,1,0,1,0,3
34,1,4,1,2,NaN,NaN,1,0,1,8,92,14,96,41,0,0,1,4,-1,2,1,2
35,4,4,1,2,NaN,NaN,1,1,1,26,25,20,80,20,10,95,1,4,-1,2,1,2
38,2,4,1,2,NaN,NaN,1,0,1,50,50,50,100,0,0,0,1,4,-1,2,1,2
37,2,5,1,2,NaN,NaN,0,0,0,86,91,80,40,27,11,0,0,5,0,1,0,3
35,1,3,1,2,NaN,NaN,1,0,0,21,93,93,98,77,27,5,0,3,0,3,0,1
34,2,1,1,2,NaN,NaN,1,0,0,30,90,60,100,100,81,50,0,1,0,1,0,3
43,1,2,1,2,NaN,NaN,0,0,0,50,50,50,100,98,80,0,1,2,1,2,-1,2
48,1,3,1,2,NaN,NaN,0,0,0,40,95,30,100,100,16,0,0,3,0,3,0,1
66,2,5,1,2,NaN,NaN,1,1,1,23,24,28,50,38,23,12,0,5,0,1,0,3
43,1,4,1,2,NaN,NaN,0,0,1,1,99,2,100,33,0,0,1,4,-1,2,1,2
23,2,1,1,2,NaN,NaN,0,0,0,35,86,50,100,100,92,86,0,1,0,1,0,3
57,1,1,1,2,NaN,NaN,1,0,0,50,2,0,100,100,100,100,0,1,0,1,0,3
25,1,4,1,2,NaN,NaN,0,1,0,83,16,42,80,80,43,41,1,4,-1,2,1,2
43,1,5,1,2,NaN,NaN,0,0,0,78,99,83,20,0,0,0,0,5,0,1,0,3
32,1,5,1,2,NaN,NaN,1,0,1,50,100,50,0,0,0,0,0,5,0,1,0,3
46,1,2,1,2,NaN,NaN,0,0,0,29,94,54,100,100,100,0,1,2,1,2,-1,2
63,1,4,1,2,NaN,NaN,0,0,0,17,98,50,100,0,0,0,1,4,-1,2,1,2
56,1,5,1,2,NaN,NaN,1,1,1,74,69,50,39,38,35,37,0,5,0,1,0,3
31,2,1,1,2,NaN,NaN,0,0,0,70,100,80,100,100,90,90,0,1,0,1,0,3
37,2,3,1,2,NaN,NaN,1,0,1,25,100,11,100,67,45,0,0,3,0,3,0,1
47,1,1,1,2,NaN,NaN,0,0,0,84,95,96,100,100,100,100,0,1,0,1,0,3
54,2,3,1,2,NaN,NaN,0,0,0,70,0,80,100,100,20,0,0,3,0,3,0,1
26,1,4,1,2,NaN,NaN,1,1,0,0,0,12,100,48,23,0,1,4,-1,2,1,2
31,2,2,1,2,NaN,NaN,1,1,0,0,0,0,100,66,33,0,1,2,1,2,-1,2
28,1,2,1,2,NaN,NaN,0,1,0,45,40,72,98,100,98,0,1,2,1,2,-1,2
43,1,2,1,2,NaN,NaN,0,0,0,52,88,59,92,85,56,0,1,2,1,2,-1,2
60,1,4,1,2,NaN,NaN,0,0,0,60,4,60,100,26,15,0,1,4,-1,2,1,2
62,1,3,1,2,NaN,NaN,0,1,0,50,50,50,100,100,38,0,0,3,0,3,0,1
32,2,2,1,2,NaN,NaN,1,1,0,50,50,75,100,94,81,27,1,2,1,2,-1,2
33,1,5,1,2,NaN,NaN,0,0,0,87,88,77,52,40,24,9,0,5,0,1,0,3
49,1,4,1,2,NaN,NaN,0,0,1,75,100,2,100,8,0,0,1,4,-1,2,1,2
34,1,2,1,2,NaN,NaN,0,0,0,90,100,80,100,90,75,0,1,2,1,2,-1,2
23,1,3,1,2,NaN,NaN,0,0,0,58,71,36,89,17,10,3,0,3,0,3,0,1
22,1,5,1,2,NaN,NaN,1,0,0,0,100,20,35,0,0,0,0,5,0,1,0,3
38,1,3,1,2,NaN,NaN,1,0,0,73,96,54,96,79,25,6,0,3,0,3,0,1
37,2,5,1,2,NaN,NaN,1,0,1,23,90,25,0,0,0,0,0,5,0,1,0,3
61,1,2,1,2,NaN,NaN,1,1,0,0,0,0,100,99,100,25,1,2,1,2,-1,2
44,1,1,1,2,NaN,NaN,1,1,0,70,50,20,98,97,98,22,0,1,0,1,0,3
50,2,2,1,2,NaN,NaN,0,0,0,86,98,88,96,94,84,5,1,2,1,2,-1,2
61,1,4,1,2,NaN,NaN,1,0,1,0,98,0,100,16,8,0,1,4,-1,2,1,2
32,1,1,1,2,NaN,NaN,1,1,0,56,50,50,100,100,75,50,0,1,0,1,0,3
66,2,5,1,2,NaN,NaN,1,0,1,56,15,49,81,24,0,0,0,5,0,1,0,3
55,1,5,1,2,NaN,NaN,0,0,0,50,100,50,16,7,0,0,0,5,0,1,0,3
22,1,3,1,2,NaN,NaN,0,0,1,83,52,57,88,84,36,12,0,3,0,3,0,1
49,2,4,1,2,NaN,NaN,0,0,0,50,50,50,75,52,34,25,1,4,-1,2,1,2
32,1,1,1,2,NaN,NaN,0,0,0,60,70,66,100,82,75,57,0,1,0,1,0,3
27,2,4,1,2,NaN,NaN,0,0,0,2,47,59,61,35,19,0,1,4,-1,2,1,2
31,2,4,1,2,NaN,NaN,0,0,0,25,77,53,97,4,5,3,1,4,-1,2,1,2
27,1,5,1,2,NaN,NaN,1,0,0,26,60,61,100,0,0,0,0,5,0,1,0,3
62,1,1,1,2,NaN,NaN,0,0,0,50,59,58,73,66,53,37,0,1,0,1,0,3
31,2,2,1,2,NaN,NaN,0,0,0,91,94,63,100,91,79,2,1,2,1,2,-1,2
56,2,3,1,2,NaN,NaN,0,1,0,50,31,69,100,73,22,0,0,3,0,3,0,1
42,2,4,1,2,NaN,NaN,1,0,1,84,52,69,88,36,23,0,1,4,-1,2,1,2
26,1,1,1,2,NaN,NaN,1,0,0,25,99,60,100,94,86,59,0,1,0,1,0,3
24,1,1,1,2,NaN,NaN,0,1,0,62,43,69,100,100,100,100,0,1,0,1,0,3
61,1,2,1,2,NaN,NaN,0,0,0,49,53,52,100,90,63,0,1,2,1,2,-1,2
51,2,5,1,2,NaN,NaN,1,0,1,49,84,16,35,19,11,5,0,5,0,1,0,3
27,2,1,1,2,NaN,NaN,0,0,1,98,71,29,100,95,90,84,0,1,0,1,0,3
42,2,3,1,2,NaN,NaN,0,0,0,57,96,55,88,73,10,7,0,3,0,3,0,1
24,1,4,1,2,NaN,NaN,1,1,1,53,46,25,100,37,22,0,1,4,-1,2,1,2
31,1,1,1,2,NaN,NaN,1,0,0,0,100,0,100,90,59,22,0,1,0,1,0,3
34,1,3,1,2,NaN,NaN,1,0,0,75,91,63,100,100,0,76,0,3,0,3,0,1
51,1,4,1,2,NaN,NaN,1,1,1,100,100,94,99,67,31,0,1,4,-1,2,1,2
46,1,2,1,2,NaN,NaN,0,0,0,50,90,81,100,100,100,30,1,2,1,2,-1,2
23,1,4,1,2,NaN,NaN,0,0,0,35,75,62,82,46,29,8,1,4,-1,2,1,2
35,2,5,1,2,NaN,NaN,0,0,0,52,80,15,45,33,19,0,0,5,0,1,0,3
36,1,3,1,2,NaN,NaN,0,0,0,49,99,49,100,91,14,0,0,3,0,3,0,1
23,1,2,1,2,NaN,NaN,0,0,0,68,67,74,100,100,100,0,1,2,1,2,-1,2
35,1,5,1,2,NaN,NaN,1,1,0,8,38,15,31,45,76,100,0,5,0,1,0,3
23,1,3,1,2,NaN,NaN,1,0,0,54,61,42,94,85,11,1,0,3,0,3,0,1
43,1,1,1,2,NaN,NaN,0,0,0,100,100,0,100,100,77,9,0,1,0,1,0,3
34,2,4,1,2,NaN,NaN,1,0,1,3,97,5,100,25,18,0,1,4,-1,2,1,2
40,2,3,1,2,NaN,NaN,0,0,0,73,61,68,94,85,2,0,0,3,0,3,0,1
46,1,4,1,2,NaN,NaN,0,0,0,62,99,56,100,97,22,1,1,4,-1,2,1,2
34,1,2,1,2,NaN,NaN,0,0,0,70,57,77,100,100,100,0,1,2,1,2,-1,2
33,1,3,1,2,NaN,NaN,0,0,0,29,100,29,100,80,18,0,0,3,0,3,0,1
31,1,4,1,2,NaN,NaN,0,0,0,55,83,89,50,49,49,50,1,4,-1,2,1,2
55,2,4,1,2,NaN,NaN,1,0,0,15,90,75,100,15,5,0,1,4,-1,2,1,2
43,1,2,1,2,NaN,NaN,0,0,0,82,97,64,98,97,97,5,1,2,1,2,-1,2
30,1,1,1,2,NaN,NaN,1,1,1,50,49,68,100,100,100,100,0,1,0,1,0,3
34,1,2,1,2,NaN,NaN,1,0,1,71,99,50,100,100,100,0,1,2,1,2,-1,2
28,1,5,1,2,NaN,NaN,1,1,0,99,55,50,83,53,20,0,0,5,0,1,0,3
32,2,1,1,2,NaN,NaN,1,0,1,37,91,16,100,82,63,30,0,1,0,1,0,3
30,1,3,1,2,NaN,NaN,0,0,0,90,98,90,100,100,0,0,0,3,0,3,0,1
57,1,2,1,2,NaN,NaN,1,1,0,74,60,79,100,100,100,22,1,2,1,2,-1,2
34,2,5,1,2,NaN,NaN,1,1,0,99,91,100,24,15,6,0,0,5,0,1,0,3
24,1,1,1,2,NaN,NaN,0,0,0,57,92,58,100,100,87,56,0,1,0,1,0,3
36,2,3,1,2,NaN,NaN,0,0,0,88,100,80,70,53,38,18,0,3,0,3,0,1
23,2,4,1,2,NaN,NaN,1,1,0,49,85,25,100,10,0,0,1,4,-1,2,1,2
32,1,1,1,2,NaN,NaN,0,0,0,50,79,73,97,97,95,95,0,1,0,1,0,3
28,1,5,1,2,NaN,NaN,1,0,1,33,97,3,25,11,0,0,0,5,0,1,0,3
29,2,2,1,2,NaN,NaN,0,0,0,62,100,83,100,92,59,1,1,2,1,2,-1,2
53,2,1,1,2,NaN,NaN,0,0,0,93,91,81,100,100,100,100,0,1,0,1,0,3
35,1,4,1,2,NaN,NaN,1,0,1,8,99,87,60,43,28,12,1,4,-1,2,1,2
20,2,2,1,2,NaN,NaN,1,0,0,50,100,100,100,100,80,0,1,2,1,2,-1,2
31,1,1,1,2,NaN,NaN,0,0,0,15,75,28,100,100,100,80,0,1,0,1,0,3
55,1,4,1,2,NaN,NaN,1,0,1,0,100,0,100,0,0,0,1,4,-1,2,1,2
79,1,4,1,2,NaN,NaN,1,0,0,49,100,100,100,0,0,0,1,4,-1,2,1,2
55,1,2,1,2,NaN,NaN,0,0,0,65,96,67,81,61,39,1,1,2,1,2,-1,2
53,1,5,1,2,NaN,NaN,1,0,0,70,20,70,2,2,3,0,0,5,0,1,0,3
52,1,2,1,2,NaN,NaN,0,0,0,64,100,71,100,100,100,35,1,2,1,2,-1,2
26,2,3,1,2,NaN,NaN,0,0,0,71,97,75,100,79,32,6,0,3,0,3,0,1
28,1,4,1,2,NaN,NaN,1,0,1,30,0,15,70,40,25,5,1,4,-1,2,1,2
66,2,5,1,2,NaN,NaN,1,0,1,50,50,50,61,67,31,37,0,5,0,1,0,3
30,2,5,1,2,NaN,NaN,1,0,0,76,33,41,9,4,2,0,0,5,0,1,0,3
43,1,1,1,2,NaN,NaN,0,0,0,49,50,50,50,50,50,50,0,1,0,1,0,3
21,2,3,1,2,NaN,NaN,1,0,0,73,70,90,100,75,26,0,0,3,0,3,0,1
32,1,3,1,2,NaN,NaN,1,0,0,45,77,58,94,91,26,2,0,3,0,3,0,1
66,2,3,1,2,NaN,NaN,0,0,0,100,100,100,100,100,5,0,0,3,0,3,0,1
47,2,4,1,2,NaN,NaN,0,1,1,50,50,50,100,100,100,100,1,4,-1,2,1,2
62,2,2,1,2,NaN,NaN,1,1,1,100,0,0,50,50,50,50,1,2,1,2,-1,2
36,2,2,1,2,NaN,NaN,1,1,0,47,46,49,38,46,88,13,1,2,1,2,-1,2
64,2,1,1,2,NaN,NaN,0,0,0,72,88,74,100,91,70,60,0,1,0,1,0,3
41,1,5,1,2,NaN,NaN,1,0,1,23,64,20,0,0,0,0,0,5,0,1,0,3
35,1,3,1,2,NaN,NaN,0,0,0,58,100,73,100,100,9,0,0,3,0,3,0,1
52,1,1,1,2,NaN,NaN,0,0,0,10,30,64,100,100,100,100,0,1,0,1,0,3
64,2,3,1,2,NaN,NaN,0,0,0,49,50,50,100,98,4,0,0,3,0,3,0,1
42,1,1,1,2,NaN,NaN,0,0,0,81,88,75,100,100,100,100,0,1,0,1,0,3
31,1,4,1,2,NaN,NaN,1,0,1,0,99,1,99,46,13,1,1,4,-1,2,1,2
NaN,2,4,1,2,NaN,NaN,1,0,0,24,18,51,100,2,0,0,1,4,-1,2,1,2
43,1,1,1,2,NaN,NaN,1,1,0,63,37,29,88,81,65,25,0,1,0,1,0,3
29,1,4,1,2,NaN,NaN,0,0,0,22,100,31,94,44,31,6,1,4,-1,2,1,2
59,1,2,1,2,NaN,NaN,1,1,0,28,27,74,100,100,68,39,1,2,1,2,-1,2
48,1,3,1,2,NaN,NaN,0,0,0,50,99,50,100,100,0,0,0,3,0,3,0,1
56,1,3,1,2,NaN,NaN,0,0,0,50,100,48,100,100,16,0,0,3,0,3,0,1
50,2,3,1,2,NaN,NaN,1,0,0,20,25,72,92,78,11,0,0,3,0,3,0,1
21,1,5,1,2,NaN,NaN,0,0,0,60,90,72,33,17,11,6,0,5,0,1,0,3
28,1,1,1,2,NaN,NaN,1,1,0,53,47,94,100,100,100,67,0,1,0,1,0,3
34,1,3,1,2,NaN,NaN,0,0,0,85,85,85,100,100,0,0,0,3,0,3,0,1
39,1,4,1,2,NaN,NaN,1,1,1,50,20,22,99,0,2,3,1,4,-1,2,1,2
42,1,2,1,2,NaN,NaN,0,0,0,51,96,57,100,86,67,0,1,2,1,2,-1,2
29,1,4,1,2,NaN,NaN,1,0,1,66,100,28,100,31,0,0,1,4,-1,2,1,2
43,2,3,1,2,NaN,NaN,0,0,0,0,100,50,100,75,25,0,0,3,0,3,0,1
38,2,5,1,2,NaN,NaN,1,0,1,29,100,56,0,0,0,0,0,5,0,1,0,3
24,1,1,1,2,NaN,NaN,0,0,0,92,96,90,100,74,25,8,0,1,0,1,0,3
36,1,5,1,2,NaN,NaN,0,0,0,30,30,50,20,15,10,0,0,5,0,1,0,3
49,2,5,1,2,NaN,NaN,1,0,0,60,98,61,50,35,20,0,0,5,0,1,0,3
27,1,2,1,2,NaN,NaN,0,1,0,83,89,30,100,70,40,0,1,2,1,2,-1,2
70,1,1,1,2,NaN,NaN,1,1,0,49,49,50,100,100,100,83,0,1,0,1,0,3
57,2,1,1,2,NaN,NaN,1,0,1,0,100,100,100,100,100,80,0,1,0,1,0,3
38,2,4,1,2,NaN,NaN,1,1,0,50,10,90,80,20,10,0,1,4,-1,2,1,2
58,2,2,1,2,NaN,NaN,0,0,0,50,50,40,100,80,60,20,1,2,1,2,-1,2
19,1,3,1,2,NaN,NaN,0,0,0,50,50,60,100,84,0,0,0,3,0,3,0,1
40,1,4,1,2,NaN,NaN,0,0,0,98,100,100,98,25,0,0,1,4,-1,2,1,2
35,2,2,1,2,NaN,NaN,0,1,0,65,33,50,83,68,53,23,1,2,1,2,-1,2
34,1,1,1,2,NaN,NaN,0,0,0,60,88,25,100,100,84,80,0,1,0,1,0,3
50,1,2,1,2,NaN,NaN,0,0,0,46,99,41,99,85,72,15,1,2,1,2,-1,2
50,1,5,1,2,NaN,NaN,0,0,1,50,99,0,100,11,0,0,0,5,0,1,0,3
25,2,1,1,2,NaN,NaN,0,0,1,0,100,0,100,100,100,100,0,1,0,1,0,3
46,2,5,1,2,NaN,NaN,1,0,1,15,55,30,31,23,13,6,0,5,0,1,0,3
32,1,2,1,2,NaN,NaN,1,0,0,50,91,71,88,77,64,16,1,2,1,2,-1,2
50,1,4,1,2,NaN,NaN,1,0,1,43,100,29,100,43,26,0,1,4,-1,2,1,2
34,2,3,1,2,NaN,NaN,0,0,0,80,100,80,100,74,26,0,0,3,0,3,0,1
35,2,5,1,2,NaN,NaN,1,1,0,5,15,89,41,33,24,8,0,5,0,1,0,3
33,1,1,1,2,NaN,NaN,0,0,0,69,97,70,100,100,100,100,0,1,0,1,0,3
28,1,1,1,2,NaN,NaN,0,0,0,80,79,74,100,100,100,100,0,1,0,1,0,3
43,1,5,1,2,NaN,NaN,0,0,0,90,90,90,70,50,30,10,0,5,0,1,0,3
39,1,4,1,2,NaN,NaN,1,0,0,48,90,50,92,48,36,11,1,4,-1,2,1,2
26,1,2,1,2,NaN,NaN,1,0,0,35,100,85,100,100,100,0,1,2,1,2,-1,2
35,2,3,1,2,NaN,NaN,0,0,0,57,54,49,100,100,18,0,0,3,0,3,0,1
51,1,1,1,2,NaN,NaN,1,0,1,75,82,84,100,100,66,64,0,1,0,1,0,3
41,1,4,1,2,NaN,NaN,1,0,1,25,100,5,98,27,0,0,1,4,-1,2,1,2
50,1,3,1,2,NaN,NaN,0,0,0,21,74,61,100,93,34,13,0,3,0,3,0,1
47,2,1,1,2,NaN,NaN,0,0,0,68,89,65,100,94,88,80,0,1,0,1,0,3
23,2,4,1,2,NaN,NaN,1,0,1,49,100,75,100,19,0,0,1,4,-1,2,1,2
29,2,2,1,2,NaN,NaN,0,0,0,52,46,49,100,100,100,0,1,2,1,2,-1,2
27,1,1,1,2,NaN,NaN,1,0,0,64,20,96,72,55,86,45,0,1,0,1,0,3
24,2,5,1,2,NaN,NaN,1,1,1,33,50,60,48,42,35,31,0,5,0,1,0,3
40,1,5,1,2,NaN,NaN,1,0,0,51,79,39,30,10,5,0,0,5,0,1,0,3
28,1,4,1,2,NaN,NaN,0,0,0,51,100,40,100,52,18,0,1,4,-1,2,1,2
45,2,4,1,2,NaN,NaN,0,0,0,33,97,29,82,25,6,0,1,4,-1,2,1,2
30,1,3,1,2,NaN,NaN,0,0,0,39,99,49,95,87,4,2,0,3,0,3,0,1
41,1,5,1,2,NaN,NaN,0,0,0,50,60,50,5,0,0,0,0,5,0,1,0,3
29,2,3,1,2,NaN,NaN,0,0,0,5,99,18,99,78,30,0,0,3,0,3,0,1
65,1,2,1,2,NaN,NaN,1,0,0,24,32,52,100,100,100,2,1,2,1,2,-1,2
27,2,4,1,2,NaN,NaN,1,0,1,15,60,60,99,49,25,0,1,4,-1,2,1,2
53,1,5,1,2,NaN,NaN,1,0,1,48,93,23,11,0,0,0,0,5,0,1,0,3
66,1,5,1,2,NaN,NaN,1,0,1,39,100,83,6,0,0,0,0,5,0,1,0,3
63,1,4,1,2,NaN,NaN,1,0,1,22,99,33,100,52,30,2,1,4,-1,2,1,2
57,1,1,1,2,NaN,NaN,1,1,0,57,48,100,100,100,100,100,0,1,0,1,0,3
34,2,2,1,2,NaN,NaN,1,0,1,32,85,68,100,100,72,100,1,2,1,2,-1,2
60,2,2,1,2,NaN,NaN,1,0,0,79,95,82,94,77,41,2,1,2,1,2,-1,2
49,2,5,1,2,NaN,NaN,0,0,0,51,98,98,23,46,69,93,0,5,0,1,0,3
51,1,4,1,2,NaN,NaN,1,0,0,52,0,7,100,0,0,0,1,4,-1,2,1,2
55,2,4,1,2,NaN,NaN,0,0,0,31,9,39,50,19,69,100,1,4,-1,2,1,2
30,1,1,1,2,NaN,NaN,0,0,0,65,100,70,100,100,75,55,0,1,0,1,0,3
53,2,4,1,2,NaN,NaN,0,0,1,96,98,12,100,38,20,0,1,4,-1,2,1,2
41,1,3,1,2,NaN,NaN,0,0,0,50,100,50,100,100,0,0,0,3,0,3,0,1
68,1,3,1,2,NaN,NaN,0,0,1,20,100,29,100,90,10,0,0,3,0,3,0,1
50,2,4,1,2,NaN,NaN,1,0,0,31,99,60,100,44,26,0,1,4,-1,2,1,2
53,1,4,1,2,NaN,NaN,0,0,0,50,100,50,100,23,11,0,1,4,-1,2,1,2
39,1,5,1,2,NaN,NaN,0,0,0,50,97,71,30,21,8,2,0,5,0,1,0,3
25,1,3,1,2,NaN,NaN,0,0,0,64,78,92,100,100,41,0,0,3,0,3,0,1
38,1,2,1,2,NaN,NaN,0,0,0,38,100,70,98,100,98,1,1,2,1,2,-1,2
39,2,5,1,2,NaN,NaN,1,1,1,41,40,58,59,40,23,15,0,5,0,1,0,3
54,2,5,1,2,NaN,NaN,0,0,0,78,75,17,11,42,81,84,0,5,0,1,0,3
48,1,3,1,2,NaN,NaN,0,0,0,98,2,2,98,100,19,3,0,3,0,3,0,1
42,1,3,1,2,NaN,NaN,0,0,0,60,85,35,100,95,27,0,0,3,0,3,0,1
40,2,2,1,2,NaN,NaN,0,1,0,20,26,43,94,89,89,18,1,2,1,2,-1,2
22,1,5,1,2,NaN,NaN,0,0,1,70,97,70,36,22,7,1,0,5,0,1,0,3
22,1,1,1,2,NaN,NaN,1,1,1,64,16,50,100,100,100,100,0,1,0,1,0,3
21,1,2,1,2,NaN,NaN,1,0,0,35,100,85,100,100,100,0,1,2,1,2,-1,2
52,1,3,1,2,NaN,NaN,1,0,0,87,70,49,100,66,36,0,0,3,0,3,0,1
21,2,4,1,2,NaN,NaN,1,0,0,10,0,30,100,35,15,0,1,4,-1,2,1,2
26,2,4,1,2,NaN,NaN,1,0,1,67,85,67,100,0,0,0,1,4,-1,2,1,2
68,2,3,1,2,NaN,NaN,0,0,0,100,100,74,100,100,0,0,0,3,0,3,0,1
34,2,5,1,2,NaN,NaN,0,0,0,93,90,90,15,12,13,11,0,5,0,1,0,3
57,1,2,1,2,NaN,NaN,0,0,0,55,99,88,100,100,100,3,1,2,1,2,-1,2
32,1,1,1,2,NaN,NaN,1,1,0,25,18,46,55,34,81,82,0,1,0,1,0,3
34,2,1,1,2,NaN,NaN,0,0,0,88,100,86,100,87,56,48,0,1,0,1,0,3
31,2,5,1,2,NaN,NaN,0,0,0,0,100,0,50,17,5,0,0,5,0,1,0,3
22,2,2,1,2,NaN,NaN,0,0,0,76,100,84,100,100,100,0,1,2,1,2,-1,2
40,2,2,1,2,NaN,NaN,0,0,0,87,100,77,100,100,100,50,1,2,1,2,-1,2
28,1,4,1,2,NaN,NaN,1,0,0,0,100,0,100,55,0,0,1,4,-1,2,1,2
55,1,1,1,2,NaN,NaN,0,0,0,87,93,89,100,100,100,100,0,1,0,1,0,3
20,2,3,1,2,NaN,NaN,1,0,1,51,100,88,100,49,0,0,0,3,0,3,0,1
21,2,4,1,2,NaN,NaN,1,1,1,86,75,25,99,45,20,0,1,4,-1,2,1,2
30,1,1,1,2,NaN,NaN,0,0,0,95,93,71,100,100,100,100,0,1,0,1,0,3
23,1,5,1,2,NaN,NaN,0,0,0,91,99,73,77,59,24,1,0,5,0,1,0,3
23,1,2,1,2,NaN,NaN,0,0,0,49,98,83,100,100,92,4,1,2,1,2,-1,2
43,1,1,1,2,NaN,NaN,0,0,0,80,100,86,100,93,84,73,0,1,0,1,0,3
50,2,1,1,2,NaN,NaN,0,0,1,56,76,74,92,92,91,74,0,1,0,1,0,3
31,2,3,1,2,NaN,NaN,0,0,0,80,90,75,100,100,30,5,0,3,0,3,0,1
39,1,4,1,2,NaN,NaN,0,0,0,78,52,17,66,45,17,2,1,4,-1,2,1,2
62,2,5,1,2,NaN,NaN,1,0,0,36,100,50,63,42,17,0,0,5,0,1,0,3
34,1,1,1,2,NaN,NaN,0,0,0,80,80,29,100,100,100,86,0,1,0,1,0,3
72,1,4,1,2,NaN,NaN,1,0,1,0,0,0,100,0,0,0,1,4,-1,2,1,2
35,1,4,1,2,NaN,NaN,0,0,0,40,99,40,66,33,13,0,1,4,-1,2,1,2
32,1,2,1,2,NaN,NaN,1,0,0,13,56,50,100,95,92,18,1,2,1,2,-1,2
19,2,1,1,2,NaN,NaN,1,1,0,28,35,62,100,90,76,62,0,1,0,1,0,3
42,2,3,1,2,NaN,NaN,0,0,0,45,97,40,95,80,45,36,0,3,0,3,0,1
36,1,5,1,2,NaN,NaN,1,0,0,0,100,20,50,0,0,0,0,5,0,1,0,3
31,1,5,1,2,NaN,NaN,0,0,0,35,100,25,27,19,9,0,0,5,0,1,0,3
28,1,2,1,2,NaN,NaN,0,0,0,40,95,25,100,100,91,20,1,2,1,2,-1,2
33,1,4,1,2,NaN,NaN,1,0,1,94,88,97,100,0,0,0,1,4,-1,2,1,2
45,1,3,1,2,NaN,NaN,1,0,1,13,89,75,99,100,0,0,0,3,0,3,0,1
46,1,2,1,2,NaN,NaN,0,1,0,23,43,16,97,77,67,31,1,2,1,2,-1,2
35,1,3,1,2,NaN,NaN,1,0,1,52,93,60,100,98,40,0,0,3,0,3,0,1
30,1,2,1,2,NaN,NaN,1,1,0,49,50,49,100,100,100,12,1,2,1,2,-1,2
58,2,2,1,2,NaN,NaN,1,1,0,20,30,70,100,100,100,51,1,2,1,2,-1,2
61,1,3,1,2,NaN,NaN,0,0,0,87,100,89,100,100,0,0,0,3,0,3,0,1
37,2,1,1,2,NaN,NaN,0,0,0,50,50,50,98,100,100,90,0,1,0,1,0,3
44,1,1,1,2,NaN,NaN,0,0,0,87,40,80,100,98,100,100,0,1,0,1,0,3
46,1,5,1,2,NaN,NaN,0,1,1,50,50,50,0,0,0,0,0,5,0,1,0,3
37,1,5,1,2,NaN,NaN,0,0,0,60,70,60,20,0,0,0,0,5,0,1,0,3
43,1,4,1,2,NaN,NaN,1,0,0,53,99,89,100,22,16,1,1,4,-1,2,1,2
35,1,2,1,2,NaN,NaN,1,0,0,2,98,71,99,73,61,1,1,2,1,2,-1,2
32,1,4,1,2,NaN,NaN,1,0,0,22,61,83,100,42,38,0,1,4,-1,2,1,2
39,2,5,1,2,NaN,NaN,0,0,1,90,100,80,25,20,12,0,0,5,0,1,0,3
33,1,3,1,2,NaN,NaN,0,0,0,49,50,49,100,100,31,9,0,3,0,3,0,1
43,1,2,1,2,NaN,NaN,1,0,0,63,67,40,100,100,77,0,1,2,1,2,-1,2
26,1,4,1,2,NaN,NaN,0,1,1,0,61,100,100,34,18,0,1,4,-1,2,1,2
26,2,1,1,2,NaN,NaN,1,1,0,20,40,60,80,75,65,55,0,1,0,1,0,3
64,1,4,1,2,NaN,NaN,0,0,0,50,50,50,100,99,31,13,1,4,-1,2,1,2
60,2,3,1,2,NaN,NaN,0,0,0,75,95,70,100,95,10,0,0,3,0,3,0,1
30,1,2,1,2,NaN,NaN,1,1,0,40,40,60,100,100,84,3,1,2,1,2,-1,2
25,1,3,1,2,NaN,NaN,1,0,1,37,53,26,100,100,28,1,0,3,0,3,0,1
31,1,4,1,2,NaN,NaN,1,0,1,0,4,47,83,16,4,0,1,4,-1,2,1,2
34,1,3,1,2,NaN,NaN,0,0,0,64,82,60,95,95,18,2,0,3,0,3,0,1
26,1,1,1,2,NaN,NaN,0,0,0,73,78,76,100,99,99,100,0,1,0,1,0,3
25,1,5,1,2,NaN,NaN,0,0,1,58,76,17,39,19,9,1,0,5,0,1,0,3
31,2,3,1,2,NaN,NaN,0,0,0,55,93,87,94,69,26,0,0,3,0,3,0,1
52,2,1,1,2,NaN,NaN,0,0,0,67,98,75,99,98,96,90,0,1,0,1,0,3
62,2,2,1,2,NaN,NaN,1,0,0,39,81,83,100,100,66,9,1,2,1,2,-1,2
46,1,1,1,2,NaN,NaN,1,1,0,50,50,50,98,97,95,85,0,1,0,1,0,3
41,1,3,1,2,NaN,NaN,0,1,0,64,8,84,68,100,24,0,0,3,0,3,0,1
60,2,3,1,2,NaN,NaN,0,0,0,78,81,85,92,76,35,8,0,3,0,3,0,1
26,3,5,1,2,NaN,NaN,0,0,0,60,98,60,10,0,0,0,0,5,0,1,0,3
28,1,2,1,2,NaN,NaN,0,0,1,43,27,28,77,78,58,42,1,2,1,2,-1,2
55,1,4,1,2,NaN,NaN,1,0,1,9,4,10,74,36,25,13,1,4,-1,2,1,2
31,1,1,1,2,NaN,NaN,0,0,0,96,88,75,100,100,100,88,0,1,0,1,0,3
45,1,4,1,2,NaN,NaN,1,0,1,9,100,14,100,54,9,0,1,4,-1,2,1,2
18,2,4,1,2,NaN,NaN,0,0,1,20,100,0,100,40,20,0,1,4,-1,2,1,2
24,1,2,1,2,NaN,NaN,0,0,0,63,93,73,100,91,83,12,1,2,1,2,-1,2
56,1,2,1,2,NaN,NaN,1,1,0,30,50,74,100,77,75,26,1,2,1,2,-1,2
36,1,3,1,2,NaN,NaN,1,0,1,20,0,21,100,76,0,0,0,3,0,3,0,1
40,1,5,1,2,NaN,NaN,0,0,0,50,99,60,20,0,0,0,0,5,0,1,0,3
21,1,1,1,2,NaN,NaN,1,1,0,78,27,99,99,88,57,23,0,1,0,1,0,3
25,1,1,1,2,NaN,NaN,0,0,0,76,100,74,100,100,100,100,0,1,0,1,0,3
72,1,3,1,2,NaN,NaN,1,0,1,8,100,3,98,80,28,4,0,3,0,3,0,1
41,2,5,1,2,NaN,NaN,1,0,1,0,100,0,100,57,34,0,0,5,0,1,0,3
44,1,5,1,2,NaN,NaN,1,1,0,10,20,20,10,0,0,0,0,5,0,1,0,3
38,2,4,1,2,NaN,NaN,1,0,1,38,68,42,76,39,22,0,1,4,-1,2,1,2
57,2,4,1,2,NaN,NaN,1,0,1,77,99,0,100,59,41,0,1,4,-1,2,1,2
32,2,1,1,2,NaN,NaN,0,0,0,82,100,76,100,100,100,64,0,1,0,1,0,3
29,1,1,1,2,NaN,NaN,0,0,0,98,100,93,94,80,59,43,0,1,0,1,0,3
26,1,3,1,2,NaN,NaN,1,0,0,42,98,81,95,76,25,1,0,3,0,3,0,1
35,2,5,1,2,NaN,NaN,1,0,1,50,91,32,20,3,3,3,0,5,0,1,0,3
34,1,2,1,2,NaN,NaN,0,0,0,66,75,72,100,100,100,0,1,2,1,2,-1,2
34,1,5,1,2,NaN,NaN,0,0,1,0,0,100,0,0,0,0,0,5,0,1,0,3
25,1,2,1,2,NaN,NaN,0,0,1,55,74,25,100,60,46,0,1,2,1,2,-1,2
37,1,1,1,2,NaN,NaN,0,0,0,52,99,42,100,100,100,100,0,1,0,1,0,3
67,2,2,1,2,NaN,NaN,0,0,0,83,55,69,100,91,75,0,1,2,1,2,-1,2
37,2,1,1,2,NaN,NaN,1,1,1,34,35,55,64,85,63,72,0,1,0,1,0,3
69,2,3,1,2,NaN,NaN,0,0,0,100,100,30,86,64,50,24,0,3,0,3,0,1
65,2,4,1,2,NaN,NaN,1,0,0,52,93,63,100,0,0,0,1,4,-1,2,1,2
28,2,5,1,2,NaN,NaN,0,0,0,89,100,96,25,4,0,0,0,5,0,1,0,3
34,2,5,1,2,NaN,NaN,1,0,1,0,100,0,50,25,0,0,0,5,0,1,0,3
40,1,2,1,2,NaN,NaN,0,0,0,58,97,78,94,76,59,3,1,2,1,2,-1,2
43,1,3,1,2,NaN,NaN,0,0,0,50,95,50,100,100,0,0,0,3,0,3,0,1
55,1,1,1,2,NaN,NaN,0,0,0,52,54,54,100,100,100,100,0,1,0,1,0,3
25,2,5,1,2,NaN,NaN,1,1,0,21,47,69,5,0,0,0,0,5,0,1,0,3
37,2,1,1,2,NaN,NaN,1,1,0,8,20,61,88,77,56,9,0,1,0,1,0,3
21,2,1,1,2,NaN,NaN,0,0,0,81,88,64,100,100,100,83,0,1,0,1,0,3
24,2,3,1,2,NaN,NaN,0,0,0,50,100,40,80,60,20,0,0,3,0,3,0,1
26,2,4,1,2,NaN,NaN,1,0,0,34,70,25,70,40,20,5,1,4,-1,2,1,2
29,2,2,1,2,NaN,NaN,0,0,0,60,70,66,100,90,80,9,1,2,1,2,-1,2
39,1,1,1,2,NaN,NaN,0,0,1,96,98,42,100,97,87,84,0,1,0,1,0,3
65,1,2,1,2,NaN,NaN,0,1,0,23,43,28,99,99,97,15,1,2,1,2,-1,2
30,1,5,1,2,NaN,NaN,1,1,0,55,25,67,0,0,0,0,0,5,0,1,0,3
69,2,4,1,2,NaN,NaN,1,0,1,43,88,41,98,21,8,1,1,4,-1,2,1,2
43,1,4,1,2,NaN,NaN,1,1,1,55,45,57,77,47,20,6,1,4,-1,2,1,2
28,2,1,1,2,NaN,NaN,0,0,0,75,100,75,100,85,75,50,0,1,0,1,0,3
40,1,3,1,2,NaN,NaN,0,0,0,43,97,58,97,99,36,11,0,3,0,3,0,1
64,2,2,1,2,NaN,NaN,1,0,0,7,100,88,97,95,41,19,1,2,1,2,-1,2
35,1,5,1,2,NaN,NaN,0,0,0,23,90,5,16,8,5,0,0,5,0,1,0,3
66,1,5,1,2,NaN,NaN,1,1,1,50,50,50,46,9,1,0,0,5,0,1,0,3
62,1,1,1,2,NaN,NaN,0,0,1,100,100,5,100,97,96,85,0,1,0,1,0,3
27,1,4,1,2,NaN,NaN,0,0,1,73,14,68,100,27,13,0,1,4,-1,2,1,2
39,1,1,1,2,NaN,NaN,0,0,0,97,99,95,100,100,100,100,0,1,0,1,0,3
32,2,3,1,2,NaN,NaN,0,0,1,50,51,64,100,100,0,44,0,3,0,3,0,1
49,1,4,1,2,NaN,NaN,0,0,0,100,100,85,100,0,0,0,1,4,-1,2,1,2
56,2,2,1,2,NaN,NaN,0,0,0,17,91,50,97,77,65,21,1,2,1,2,-1,2
34,1,2,1,2,NaN,NaN,0,0,0,80,96,80,100,100,100,0,1,2,1,2,-1,2
54,2,3,1,2,NaN,NaN,0,0,0,23,0,25,100,100,16,0,0,3,0,3,0,1
24,2,5,1,2,NaN,NaN,1,0,1,28,94,39,100,66,34,13,0,5,0,1,0,3
25,1,1,1,2,NaN,NaN,0,0,0,56,76,75,100,86,83,74,0,1,0,1,0,3
58,2,1,1,2,NaN,NaN,1,1,0,50,50,50,100,100,100,78,0,1,0,1,0,3
51,1,2,1,2,NaN,NaN,1,0,0,50,100,67,99,83,78,0,1,2,1,2,-1,2
60,1,2,1,2,NaN,NaN,1,1,0,100,50,60,100,90,70,0,1,2,1,2,-1,2
27,1,3,1,2,NaN,NaN,1,1,0,21,22,62,98,100,45,4,0,3,0,3,0,1
21,1,1,1,2,NaN,NaN,1,0,0,27,25,60,97,91,83,70,0,1,0,1,0,3
31,1,5,1,2,NaN,NaN,0,0,0,100,100,0,97,60,49,2,0,5,0,1,0,3
30,2,4,1,2,NaN,NaN,0,0,1,100,100,0,100,0,0,0,1,4,-1,2,1,2
63,1,1,1,2,NaN,NaN,0,0,0,27,100,48,100,100,97,88,0,1,0,1,0,3
63,1,1,1,2,NaN,NaN,1,1,0,51,49,51,100,100,100,100,0,1,0,1,0,3
27,1,4,1,2,NaN,NaN,1,0,0,32,95,47,88,41,13,0,1,4,-1,2,1,2
24,3,5,1,2,NaN,NaN,1,0,1,31,96,25,10,0,0,0,0,5,0,1,0,3
52,1,4,1,2,NaN,NaN,1,1,1,50,50,50,50,48,48,47,1,4,-1,2,1,2
27,1,2,1,2,NaN,NaN,1,1,0,26,44,82,100,99,77,25,1,2,1,2,-1,2
23,2,4,1,2,NaN,NaN,1,1,1,21,60,40,100,33,0,0,1,4,-1,2,1,2
55,2,3,1,2,NaN,NaN,0,0,0,87,86,61,100,100,0,0,0,3,0,3,0,1
26,2,4,1,2,NaN,NaN,0,0,0,51,100,47,100,65,34,3,1,4,-1,2,1,2
41,2,1,1,2,NaN,NaN,0,0,0,90,90,49,99,100,100,99,0,1,0,1,0,3
40,2,3,1,2,NaN,NaN,1,0,1,37,100,27,100,81,38,0,0,3,0,3,0,1
25,1,3,1,2,NaN,NaN,0,0,1,87,100,54,100,88,23,0,0,3,0,3,0,1
56,1,1,1,2,NaN,NaN,0,0,0,60,85,40,100,99,100,70,0,1,0,1,0,3
24,2,3,1,2,NaN,NaN,0,0,0,91,100,93,100,100,10,0,0,3,0,3,0,1
38,1,3,1,2,NaN,NaN,1,0,1,48,95,73,100,73,27,0,0,3,0,3,0,1
26,1,5,1,2,NaN,NaN,1,0,1,30,88,16,48,47,50,59,0,5,0,1,0,3
53,1,1,1,2,NaN,NaN,0,0,0,46,95,49,100,100,63,30,0,1,0,1,0,3
31,2,5,1,2,NaN,NaN,0,1,0,69,58,37,53,48,53,57,0,5,0,1,0,3
48,1,4,1,2,NaN,NaN,0,0,0,55,87,75,69,12,3,0,1,4,-1,2,1,2
69,2,2,1,2,NaN,NaN,0,0,0,90,100,90,100,100,80,20,1,2,1,2,-1,2
53,1,2,1,2,NaN,NaN,0,0,0,89,98,45,98,100,72,22,1,2,1,2,-1,2
43,1,2,1,2,NaN,NaN,0,0,0,52,64,44,100,100,100,0,1,2,1,2,-1,2
44,2,2,1,2,NaN,NaN,0,0,0,0,99,100,100,100,100,0,1,2,1,2,-1,2
48,1,4,1,2,NaN,NaN,0,0,0,54,90,21,96,0,2,2,1,4,-1,2,1,2
66,1,3,1,2,NaN,NaN,0,0,0,50,100,90,100,78,20,0,0,3,0,3,0,1
20,1,1,1,2,NaN,NaN,1,0,0,86,77,39,80,92,72,28,0,1,0,1,0,3
22,1,4,1,2,NaN,NaN,1,0,1,27,100,29,77,11,0,0,1,4,-1,2,1,2
52,2,2,1,2,NaN,NaN,0,0,0,92,93,85,98,96,96,0,1,2,1,2,-1,2
28,1,1,1,2,NaN,NaN,1,0,0,16,47,33,100,97,58,34,0,1,0,1,0,3
38,1,4,1,2,NaN,NaN,0,0,0,92,6,11,100,14,0,64,1,4,-1,2,1,2
42,1,1,1,2,NaN,NaN,0,0,0,66,98,67,100,100,98,97,0,1,0,1,0,3
31,2,2,1,2,NaN,NaN,1,0,0,18,31,73,100,89,77,0,1,2,1,2,-1,2
41,2,2,1,2,NaN,NaN,1,0,0,71,0,70,100,100,93,0,1,2,1,2,-1,2
36,2,3,1,2,NaN,NaN,0,0,0,16,42,68,100,81,47,10,0,3,0,3,0,1
73,2,4,1,2,NaN,NaN,0,0,0,50,80,23,77,36,20,0,1,4,-1,2,1,2
40,2,1,1,2,NaN,NaN,0,0,0,100,0,100,100,100,100,100,0,1,0,1,0,3
21,2,3,1,2,NaN,NaN,0,0,0,53,100,61,100,88,38,0,0,3,0,3,0,1
45,2,5,1,2,NaN,NaN,0,1,0,85,68,17,80,58,29,12,0,5,0,1,0,3
47,2,2,1,2,NaN,NaN,1,0,0,55,93,96,97,99,72,0,1,2,1,2,-1,2
35,2,4,1,2,NaN,NaN,0,1,1,59,0,52,89,33,100,0,1,4,-1,2,1,2
38,2,5,1,2,NaN,NaN,0,1,0,50,20,80,38,20,8,2,0,5,0,1,0,3
31,1,4,1,2,NaN,NaN,0,0,1,23,100,82,56,55,44,61,1,4,-1,2,1,2
74,2,1,1,2,NaN,NaN,0,0,0,85,93,3,100,100,100,86,0,1,0,1,0,3
28,2,2,1,2,NaN,NaN,1,1,0,20,25,60,100,100,80,0,1,2,1,2,-1,2
39,2,3,1,2,NaN,NaN,1,1,1,0,100,0,100,74,0,0,0,3,0,3,0,1
50,2,4,1,2,NaN,NaN,1,0,0,75,60,59,83,33,15,0,1,4,-1,2,1,2
28,2,5,1,2,NaN,NaN,1,1,0,13,84,1,19,14,4,0,0,5,0,1,0,3
18,2,3,1,2,NaN,NaN,1,0,0,41,60,40,86,65,40,16,0,3,0,3,0,1
69,2,2,1,2,NaN,NaN,0,1,0,32,21,40,95,69,68,2,1,2,1,2,-1,2
26,2,2,1,2,NaN,NaN,1,1,0,30,100,90,100,100,100,0,1,2,1,2,-1,2
50,2,3,1,2,NaN,NaN,0,0,0,40,100,60,100,100,84,0,0,3,0,3,0,1
34,2,4,1,2,NaN,NaN,0,0,0,85,98,30,78,30,8,0,1,4,-1,2,1,2
63,2,2,1,2,NaN,NaN,0,1,0,34,15,20,50,75,33,10,1,2,1,2,-1,2
33,2,5,1,2,NaN,NaN,1,0,0,60,100,55,30,23,15,3,0,5,0,1,0,3
27,2,3,1,2,NaN,NaN,0,0,0,64,100,66,100,85,36,12,0,3,0,3,0,1
36,2,1,1,2,NaN,NaN,1,0,0,55,60,50,100,100,100,100,0,1,0,1,0,3
24,2,2,1,2,NaN,NaN,1,0,1,1,80,8,100,100,100,0,1,2,1,2,-1,2
19,2,4,1,2,NaN,NaN,0,0,0,93,89,33,100,76,52,13,1,4,-1,2,1,2
45,1,4,1,2,NaN,NaN,1,0,1,0,96,22,94,40,23,9,1,4,-1,2,1,2
47,2,2,1,2,NaN,NaN,1,1,0,25,25,75,100,90,70,0,1,2,1,2,-1,2
35,2,5,1,2,NaN,NaN,0,1,0,55,45,31,80,55,19,0,0,5,0,1,0,3
52,2,3,1,2,NaN,NaN,1,1,0,17,17,70,81,71,28,6,0,3,0,3,0,1
46,2,2,1,2,NaN,NaN,1,0,0,50,50,50,50,50,50,50,1,2,1,2,-1,2
24,2,5,1,2,NaN,NaN,0,1,0,63,30,68,60,25,0,0,0,5,0,1,0,3
40,2,4,1,2,NaN,NaN,0,0,0,49,99,14,90,19,3,0,1,4,-1,2,1,2
22,2,3,1,2,NaN,NaN,0,0,0,88,97,85,97,81,39,1,0,3,0,3,0,1
42,2,2,1,2,NaN,NaN,0,0,0,59,5,34,100,100,100,20,1,2,1,2,-1,2
33,2,1,1,2,NaN,NaN,1,0,1,20,80,40,100,95,85,75,0,1,0,1,0,3
34,2,1,1,2,NaN,NaN,0,0,0,42,50,90,88,85,75,50,0,1,0,1,0,3
47,2,3,1,2,NaN,NaN,1,0,0,27,100,80,90,70,29,5,0,3,0,3,0,1
28,2,1,1,2,NaN,NaN,0,0,0,35,93,28,91,83,68,36,0,1,0,1,0,3
39,2,5,1,2,NaN,NaN,1,0,1,40,90,60,25,10,0,0,0,5,0,1,0,3
26,2,4,1,2,NaN,NaN,0,0,0,70,98,75,75,30,15,0,1,4,-1,2,1,2
61,2,3,1,2,NaN,NaN,0,0,0,67,90,67,97,57,25,0,0,3,0,3,0,1
36,2,3,1,2,NaN,NaN,0,0,0,50,100,50,100,100,5,0,0,3,0,3,0,1
44,2,4,1,2,NaN,NaN,1,0,1,53,98,65,97,98,97,68,1,4,-1,2,1,2
36,2,2,1,2,NaN,NaN,0,0,0,66,67,77,99,75,61,0,1,2,1,2,-1,2
33,2,5,1,2,NaN,NaN,0,0,0,73,100,75,0,0,0,0,0,5,0,1,0,3
35,2,5,1,2,NaN,NaN,1,0,0,15,99,50,40,25,10,0,0,5,0,1,0,3
69,2,4,1,2,NaN,NaN,1,0,1,2,83,51,97,77,44,1,1,4,-1,2,1,2
46,2,4,1,2,NaN,NaN,1,0,0,39,100,89,100,51,31,8,1,4,-1,2,1,2
29,2,1,1,2,NaN,NaN,0,0,0,57,99,65,100,100,65,31,0,1,0,1,0,3
35,2,2,1,2,NaN,NaN,0,0,0,49,37,50,100,100,100,20,1,2,1,2,-1,2
33,2,3,1,2,NaN,NaN,0,0,0,58,100,74,100,58,39,5,0,3,0,3,0,1
21,2,5,1,2,NaN,NaN,0,0,0,55,83,50,53,36,15,0,0,5,0,1,0,3
37,2,2,1,2,NaN,NaN,0,0,0,49,49,51,100,100,74,29,1,2,1,2,-1,2
41,2,1,1,2,NaN,NaN,0,0,0,97,95,89,100,100,84,17,0,1,0,1,0,3
43,1,1,1,2,NaN,NaN,0,0,0,84,100,60,100,87,75,63,0,1,0,1,0,3
27,2,2,1,2,NaN,NaN,0,0,0,97,100,0,95,65,35,13,1,2,1,2,-1,2
63,2,2,1,2,NaN,NaN,0,0,0,100,100,100,100,100,92,0,1,2,1,2,-1,2
32,2,5,1,2,NaN,NaN,0,0,0,56,95,73,26,18,11,2,0,5,0,1,0,3
41,2,5,1,2,NaN,NaN,1,0,1,33,49,17,49,34,8,0,0,5,0,1,0,3
28,2,3,1,2,NaN,NaN,0,0,1,69,83,64,66,81,41,25,0,3,0,3,0,1
57,2,2,1,2,NaN,NaN,1,0,0,10,100,0,100,100,90,0,1,2,1,2,-1,2
33,2,4,1,2,NaN,NaN,1,0,1,0,100,0,100,0,0,25,1,4,-1,2,1,2
21,2,1,1,2,NaN,NaN,1,0,1,32,90,73,100,96,92,75,0,1,0,1,0,3
27,2,5,1,2,NaN,NaN,0,0,1,60,78,59,35,19,9,5,0,5,0,1,0,3
31,2,1,1,2,NaN,NaN,1,1,0,25,50,50,100,100,100,80,0,1,0,1,0,3
25,2,5,1,2,NaN,NaN,1,1,1,50,50,47,95,68,36,0,0,5,0,1,0,3
25,1,2,1,2,NaN,NaN,1,0,0,25,100,30,100,100,100,0,1,2,1,2,-1,2
28,2,3,1,2,NaN,NaN,1,1,0,16,33,61,100,80,11,0,0,3,0,3,0,1
55,2,3,1,2,NaN,NaN,0,0,0,97,95,91,100,69,11,0,0,3,0,3,0,1
29,2,4,1,2,NaN,NaN,1,0,1,79,100,50,98,27,1,0,1,4,-1,2,1,2
39,2,2,1,2,NaN,NaN,1,1,1,74,28,57,100,100,80,25,1,2,1,2,-1,2
47,2,4,1,2,NaN,NaN,1,0,1,25,95,34,100,0,0,0,1,4,-1,2,1,2
33,2,1,1,2,NaN,NaN,0,0,0,60,98,60,100,100,100,80,0,1,0,1,0,3
31,2,1,1,2,NaN,NaN,1,1,1,29,43,32,100,91,87,84,0,1,0,1,0,3
35,2,5,1,2,NaN,NaN,0,0,0,80,100,80,50,35,25,20,0,5,0,1,0,3
21,2,2,1,2,NaN,NaN,1,0,0,35,20,30,90,75,60,20,1,2,1,2,-1,2
43,2,1,1,2,NaN,NaN,0,0,0,0,0,0,100,100,100,100,0,1,0,1,0,3
21,2,5,1,2,NaN,NaN,0,1,1,30,30,35,50,31,14,2,0,5,0,1,0,3
41,2,1,1,2,NaN,NaN,0,0,0,45,99,50,100,100,100,100,0,1,0,1,0,3
31,2,4,1,2,NaN,NaN,1,0,0,24,94,90,83,48,31,11,1,4,-1,2,1,2
31,1,3,1,2,NaN,NaN,1,1,0,38,14,59,92,59,33,0,0,3,0,3,0,1
24,2,3,1,2,NaN,NaN,0,1,0,14,67,63,100,100,14,0,0,3,0,3,0,1
47,2,4,1,2,NaN,NaN,0,0,0,50,100,50,100,20,0,0,1,4,-1,2,1,2
42,2,2,1,2,NaN,NaN,0,0,0,57,100,70,100,83,66,0,1,2,1,2,-1,2
36,2,5,1,2,NaN,NaN,0,0,0,20,90,30,40,20,10,0,0,5,0,1,0,3
23,2,2,1,2,NaN,NaN,0,0,0,85,100,90,90,80,60,30,1,2,1,2,-1,2
35,2,5,1,2,NaN,NaN,0,0,0,74,93,73,31,6,0,0,0,5,0,1,0,3
42,2,1,1,2,NaN,NaN,0,0,0,23,96,39,100,100,63,37,0,1,0,1,0,3
37,2,3,1,2,NaN,NaN,0,0,0,50,100,50,100,100,0,0,0,3,0,3,0,1
26,2,4,1,2,NaN,NaN,1,0,0,58,100,70,86,44,27,7,1,4,-1,2,1,2
18,2,1,1,2,NaN,NaN,0,0,0,29,100,8,96,92,84,73,0,1,0,1,0,3
28,2,3,1,2,NaN,NaN,1,0,1,20,20,24,100,81,29,12,0,3,0,3,0,1
27,2,4,1,2,NaN,NaN,1,0,0,0,100,0,100,50,35,0,1,4,-1,2,1,2
22,2,2,1,2,NaN,NaN,1,1,0,52,30,58,100,100,100,0,1,2,1,2,-1,2
30,2,4,1,2,NaN,NaN,0,0,1,50,86,18,96,14,0,0,1,4,-1,2,1,2
67,2,5,1,2,NaN,NaN,0,0,0,75,100,76,51,18,0,0,0,5,0,1,0,3
63,2,1,1,2,NaN,NaN,0,0,0,90,100,76,100,100,100,81,0,1,0,1,0,3
27,2,1,1,2,NaN,NaN,0,0,0,100,100,100,100,100,100,100,0,1,0,1,0,3
39,2,5,1,2,NaN,NaN,1,0,0,33,98,20,16,7,0,0,0,5,0,1,0,3
46,2,4,1,2,NaN,NaN,0,0,0,37,79,42,86,26,15,3,1,4,-1,2,1,2
25,2,2,1,2,NaN,NaN,0,0,0,60,25,40,100,100,100,0,1,2,1,2,-1,2
67,2,3,1,2,NaN,NaN,0,0,0,84,100,15,23,55,38,79,0,3,0,3,0,1
61,2,4,1,2,NaN,NaN,1,0,1,46,94,50,98,3,4,2,1,4,-1,2,1,2
26,2,1,1,2,NaN,NaN,1,1,1,28,40,63,100,100,94,87,0,1,0,1,0,3
55,2,3,1,2,NaN,NaN,0,0,0,50,100,50,100,100,25,0,0,3,0,3,0,1
32,1,2,1,2,NaN,NaN,1,0,1,70,90,60,100,100,96,23,1,2,1,2,-1,2
44,2,5,1,2,NaN,NaN,1,0,0,68,53,56,47,10,5,4,0,5,0,1,0,3
35,2,5,1,2,NaN,NaN,1,0,1,2,99,2,2,1,0,1,0,5,0,1,0,3
41,2,4,1,2,NaN,NaN,0,0,0,88,49,49,100,34,8,0,1,4,-1,2,1,2
31,2,1,1,2,NaN,NaN,1,0,0,40,90,90,100,100,100,80,0,1,0,1,0,3
53,2,3,1,2,NaN,NaN,0,0,0,98,97,86,99,78,9,0,0,3,0,3,0,1
59,2,2,1,2,NaN,NaN,0,1,0,100,100,100,100,80,61,0,1,2,1,2,-1,2
35,2,5,1,2,NaN,NaN,1,0,1,3,100,8,11,0,0,0,0,5,0,1,0,3
34,2,1,1,2,NaN,NaN,0,0,0,50,93,39,100,100,100,100,0,1,0,1,0,3
43,2,3,1,2,NaN,NaN,0,0,0,46,85,70,98,51,22,7,0,3,0,3,0,1
50,2,5,1,2,NaN,NaN,1,0,0,50,90,75,30,0,0,0,0,5,0,1,0,3
24,2,1,1,2,NaN,NaN,1,1,1,100,100,100,100,91,54,24,0,1,0,1,0,3
51,2,2,1,2,NaN,NaN,0,0,0,54,70,26,100,100,94,6,1,2,1,2,-1,2
48,2,5,1,2,NaN,NaN,0,0,0,78,86,71,49,29,21,5,0,5,0,1,0,3
42,2,3,1,2,NaN,NaN,0,0,0,13,50,30,100,85,0,0,0,3,0,3,0,1
45,2,5,1,2,NaN,NaN,0,0,1,23,87,34,51,38,28,15,0,5,0,1,0,3
31,2,3,1,2,NaN,NaN,0,0,1,39,96,65,91,70,36,14,0,3,0,3,0,1
56,2,4,1,2,NaN,NaN,1,0,1,0,100,0,100,38,11,1,1,4,-1,2,1,2
39,2,1,1,2,NaN,NaN,0,0,0,50,50,50,90,75,60,40,0,1,0,1,0,3
63,2,4,1,2,NaN,NaN,1,0,1,10,97,72,91,40,9,3,1,4,-1,2,1,2
35,2,3,1,2,NaN,NaN,1,0,1,15,100,15,100,100,28,0,0,3,0,3,0,1
41,2,4,1,2,NaN,NaN,1,0,0,34,90,50,90,66,10,0,1,4,-1,2,1,2
39,2,5,1,2,NaN,NaN,0,0,0,100,100,100,50,30,9,0,0,5,0,1,0,3
46,2,1,1,2,NaN,NaN,0,0,1,96,0,100,100,100,100,48,0,1,0,1,0,3
44,3,3,1,2,NaN,NaN,0,0,0,50,98,80,99,56,40,12,0,3,0,3,0,1
43,2,5,1,2,NaN,NaN,0,1,0,86,41,85,18,6,5,0,0,5,0,1,0,3
43,2,5,1,2,NaN,NaN,0,0,0,98,96,99,28,14,6,0,0,5,0,1,0,3
41,2,2,1,2,NaN,NaN,0,0,0,82,100,79,83,68,52,19,1,2,1,2,-1,2
23,2,4,1,2,NaN,NaN,1,0,0,16,100,20,100,12,9,5,1,4,-1,2,1,2
31,2,4,1,2,NaN,NaN,1,0,1,50,70,52,89,41,19,0,1,4,-1,2,1,2
56,2,3,1,2,NaN,NaN,0,0,1,0,100,0,100,100,24,0,0,3,0,3,0,1
55,2,2,1,2,NaN,NaN,1,1,0,10,15,75,100,80,70,20,1,2,1,2,-1,2
44,2,3,1,2,NaN,NaN,1,0,0,73,74,75,100,76,20,2,0,3,0,3,0,1
24,2,4,1,2,NaN,NaN,1,0,1,20,71,39,100,46,26,0,1,4,-1,2,1,2
62,2,5,1,2,NaN,NaN,0,0,0,21,0,5,11,43,80,100,0,5,0,1,0,3
34,2,3,1,2,NaN,NaN,0,0,1,50,100,75,100,80,0,0,0,3,0,3,0,1
21,2,1,1,2,NaN,NaN,0,0,0,59,100,50,95,96,95,95,0,1,0,1,0,3
60,2,1,1,2,NaN,NaN,0,0,0,95,97,99,100,94,74,67,0,1,0,1,0,3
58,2,5,1,2,NaN,NaN,0,0,0,60,92,75,36,23,14,8,0,5,0,1,0,3
41,2,2,1,2,NaN,NaN,0,0,1,50,95,86,100,100,100,0,1,2,1,2,-1,2
42,1,3,1,2,NaN,NaN,1,0,1,20,99,84,98,83,23,3,0,3,0,3,0,1
34,2,2,1,2,NaN,NaN,1,0,1,63,100,77,100,84,65,0,1,2,1,2,-1,2
70,2,4,1,2,NaN,NaN,0,0,0,25,100,25,100,50,25,0,1,4,-1,2,1,2
42,2,5,1,2,NaN,NaN,0,0,0,70,70,50,0,0,0,0,0,5,0,1,0,3
26,2,1,1,2,NaN,NaN,0,0,0,75,90,80,100,70,40,10,0,1,0,1,0,3
29,2,4,1,2,NaN,NaN,1,0,1,74,93,29,83,35,12,2,1,4,-1,2,1,2
36,2,1,1,2,NaN,NaN,0,0,0,80,100,56,100,99,97,95,0,1,0,1,0,3
25,1,2,1,2,NaN,NaN,0,0,0,70,100,55,100,90,80,20,1,2,1,2,-1,2
43,2,4,1,2,NaN,NaN,1,0,1,49,68,38,65,33,14,0,1,4,-1,2,1,2
50,2,5,1,2,NaN,NaN,1,0,1,61,100,50,38,27,14,2,0,5,0,1,0,3
32,2,5,1,2,NaN,NaN,0,0,0,79,100,88,23,9,0,0,0,5,0,1,0,3
